ID;Imagen;Nombre;Referencia;Categor√≠a;Precio base;Precio final;Cantidad;Estado
43;http://yalobox.com/img/p/0.jpg;Arroba Azucar;;Home;10.75;10.75;0;0
341;http://yalobox.com/img/p/3/6/4/364.jpg;Ambiental Tips Brisas de Lavanda;;Home;1.11;1.11;4;1
106;http://yalobox.com/img/p/1/2/6/126.jpg;Toallitas Desmaquillantes Ponds;;Home;8.40;8.40;2;1
285;http://yalobox.com/img/p/3/0/7/307.jpg;Antitranspirante AXE Dark Temptation 152ml;;Home;4.74;4.74;1;1
49;http://yalobox.com/img/p/6/6/66.jpg;Jugo Del Valle Fresh 2.75 Litros;;Home;1.54;1.54;2;1
229;http://yalobox.com/img/p/2/4/9/249.jpg;Bombones American Rellenos Crema Chocolate-Mora;;Home;4.24;4.24;1;1
172;http://yalobox.com/img/p/1/9/3/193.jpg;Quitamanchas Deja 420g;;Home;6.14;6.14;3;1
349;http://yalobox.com/img/p/3/7/2/372.jpg;Lavavajillas Tips Naranja 250g;;Home;0.74;0.74;2;1
115;http://yalobox.com/img/p/1/3/7/137.jpg;PaÒuelo de Bolsillo Karite Familia 4 u;;Home;2.18;2.18;1;1
293;http://yalobox.com/img/p/3/1/5/315.jpg;Aceite La Favorita 1lt;;Home;2.19;2.19;2;1
57;http://yalobox.com/img/p/7/5/75.jpg;Yogurt Nutri Durazno 1000g;;Home;2.25;2.25;1;1
237;http://yalobox.com/img/p/2/5/7/257.jpg;Almendras American Recubiertas Con Chocolate;;Home;3.82;3.82;1;1
180;http://yalobox.com/img/p/2/0/2/202.jpg;BC Oil Miracle Gold Shimmer Acondicionador 150ml;;Home;21.93;21.93;2;1
123;http://yalobox.com/img/p/1/5/5/155.jpg;Desodorante Spray Dove Men Care Clean Confort;;Home;6.09;6.09;1;1
301;http://yalobox.com/img/p/3/2/3/323.jpg;Suavizante Perla Soft Ternura 1000ml;;Home;3.12;3.12;0;1
66;http://yalobox.com/img/p/8/5/85.jpg;Jarabe de Chocolate Snob 680g;;Home;3.84;3.84;2;1
245;http://yalobox.com/img/p/2/6/5/265.jpg;Vino GuayasamÌn Reserva Cabernet Sauvignon 750ml;;Home;13.93;13.93;0;1
188;http://yalobox.com/img/p/2/0/9/209.jpg;BC Repair Rescue Crema Tratamiento 200ml;;Home;30.70;30.70;1;1
131;http://yalobox.com/img/p/1/4/9/149.jpg;JabÛn Õçntimo Natural Nosotras Sachet 18 ml;;Home;0.57;0.57;6;1
309;http://yalobox.com/img/p/3/3/1/331.jpg;Desinfectante Olimpia Lavanda 900ml;;Home;1.88;1.88;0;1
74;http://yalobox.com/img/p/9/3/93.jpg;Sardinas en Salsa de Tomate Tinapas Isabel 156g;;Home;0.63;0.63;0;1
253;http://yalobox.com/img/p/2/7/3/273.jpg;Caf√© Instantaneo Alto Cayetano Frasco 40g;;Home;1.75;1.75;2;1
196;http://yalobox.com/img/p/2/1/7/217.jpg;Caf√© Buen D√≠a 85g;;Home;5.08;5.08;0;1
140;http://yalobox.com/img/p/1/6/0/160.jpg;Desodorante Spray Rexona Extra Fresh Women;;Home;4.74;4.74;1;1
317;http://yalobox.com/img/p/3/3/9/339.jpg;Chocolisto Tarro 1000g;;Home;7.71;7.71;2;1
82;http://yalobox.com/img/p/1/0/1/101.jpg;Jab√≥n √çntimo Natural Nosotras 150ml;;Home;9.11;9.11;2;1
261;http://yalobox.com/img/p/2/8/1/281.jpg;T√© de Menta ILE Caja 25 sobres;;Home;1.01;1.01;1;1
24;http://yalobox.com/img/p/4/1/41.jpg;Leche Nutri Semidescremada Carton 1L;;Lacteos;1.40;1.40;0;1
204;http://yalobox.com/img/p/2/2/5/225.jpg;T√© de Manzanilla Pusuqu√≠ Caja 25 sobres;;Home;0.88;0.88;2;1
148;http://yalobox.com/img/p/1/6/9/169.jpg;Shampoo Sedal Negros Luminosos 200ml;;Home;2.66;2.66;1;1
325;http://yalobox.com/img/p/3/4/8/348.jpg;Colcaf√© Todo en Uno 380g;;Home;6.18;6.18;1;1
90;http://yalobox.com/img/p/1/0/9/109.jpg;Desodorante AXE Dark Temptation 150ml;;Home;4.74;4.74;2;1
269;http://yalobox.com/img/p/2/9/1/291.jpg;Pilas Energizer Alkalina AA2;;Home;1.97;1.97;2;1
32;http://yalobox.com/img/p/5/1/51.jpg;Yogurt Nutri Fresa 200 g con cereal;;Alimentaci√≥n;0.65;0.65;6;1
213;http://yalobox.com/img/p/2/3/3/233.jpg;Mayonesa Alacena Sachet 500 cm¬≥;;Home;2.82;2.82;1;1
156;http://yalobox.com/img/p/1/7/7/177.jpg;Mermelada Frutimora Snob Frasco 290g;;Home;1.69;1.69;0;1
333;http://yalobox.com/img/p/3/5/6/356.jpg;Clavo de Acero 65mm Caja;;Ferreter√≠a;4.23;4.23;1;1
98;http://yalobox.com/img/p/1/1/8/118.jpg;Detergente en Polvo Deja Brisas de Primavera 600g;;Home;1.56;1.56;3;1
277;http://yalobox.com/img/p/2/9/9/299.jpg;Aj√≠ Casero Snob 170g;;Home;1.70;1.70;3;1
41;http://yalobox.com/img/p/1/3/1/131.jpg;Quintal de Arroz;;Home;55.00;55.00;0;1
221;http://yalobox.com/img/p/2/4/1/241.jpg;Cabello de Angel Don Vittorio 250g;;Home;0.83;0.83;2;1
164;http://yalobox.com/img/p/1/8/4/184.jpg;Splenda Endulzante Caja 100 sobres;;Home;7.41;7.41;1;1
224;http://yalobox.com/img/p/2/4/4/244.jpg;At√∫n Van Camps Aceite de Girasol Tripack;;Home;2.39;2.39;3;1
167;http://yalobox.com/img/p/1/8/8/188.jpg;At√∫n Real Lomitos en Aceite de Girasol 142g;;Home;1.23;1.23;2;1
344;http://yalobox.com/img/p/3/6/7/367.jpg;Ambiental Tips Potpourri;;Home;1.11;1.11;1;1
109;http://yalobox.com/img/p/1/2/9/129.jpg;Talco Rexona Efficient 100g;;Home;2.57;2.57;2;1
288;http://yalobox.com/img/p/3/1/0/310.jpg;Detergente en Polvo Surf Rosas y Lilas 1kg;;Home;2.68;2.68;1;1
52;http://yalobox.com/img/p/7/0/70.jpg;Fideos Espirales/Tornillo Don Vittorio 400g;;Home;1.75;1.75;0;1
232;http://yalobox.com/img/p/2/5/2/252.jpg;Chupetes Plop Surtidos;;Home;2.37;2.37;1;1
175;http://yalobox.com/img/p/1/9/6/196.jpg;Saloon In Keratina Pack;;Home;0.00;0.00;2;0
118;http://yalobox.com/img/p/1/5/4/154.jpg;Detergente Deja Multiacci√≥n Polvo Floral 1kg;;Hogar;2.95;2.95;1;1
296;http://yalobox.com/img/p/3/1/8/318.jpg;Aceite Girasol 1 Lt;;Home;2.89;2.89;0;1
61;http://yalobox.com/img/p/7/7/77.jpg;Chicle Orbit Sin Az√∫car Eucalipto;;Home;0.79;0.79;11;1
240;http://yalobox.com/img/p/2/6/0/260.jpg;Canguil Para Microondas Act II Natural 91g;;Home;1.32;1.32;4;1
183;http://yalobox.com/img/p/2/0/4/204.jpg;BC Q10 Time Restore Shampoo 250ml;;Home;21.93;21.93;1;1
126;http://yalobox.com/img/p/1/4/6/146.jpg;Gel Antibacterial Fres kids Sand√≠a Pop Familia 60 ml;;Home;1.88;1.88;2;1
304;http://yalobox.com/img/p/3/2/6/326.jpg;Jab√≥n Lava Todo 6 Bebe Pack 2 Unidades;;Home;1.06;1.06;1;1
69;http://yalobox.com/img/p/8/8/88.jpg;Frejol Rojo Snob 425g;;Home;1.25;1.25;3;1
248;http://yalobox.com/img/p/2/6/8/268.jpg;Ron Cien Fuegos Oro 750 cl;;Home;10.09;10.09;3;1
191;http://yalobox.com/img/p/2/1/2/212.jpg;Gel Kleinod 500g;;Home;0.00;0.00;2;0
134;http://yalobox.com/img/p/1/5/2/152.jpg;Eliminador de Olores Ba√±o Toque Familia Bamboo Dry;;Home;4.07;4.07;1;1
312;http://yalobox.com/img/p/3/3/4/334.jpg;Desinfectante Olimpia Manzana Canela 70ml;;Home;0.22;0.22;1;1
77;http://yalobox.com/img/p/9/6/96.jpg;Toallas Nosotras Buenas Noches 10 u;;Home;2.59;2.59;2;1
256;http://yalobox.com/img/p/2/7/6/276.jpg;Horchata con Lim√≥n ILE Caja 25 Sobres;;Home;1.14;1.14;1;1
199;http://yalobox.com/img/p/2/2/0/220.jpg;Jab√≥n Cremoso Para Mi Bebe 250ml;;Home;3.60;3.60;1;1
143;http://yalobox.com/img/p/1/6/2/162.jpg;Desodorante Roll-On Rexona Sportfan;;Home;2.43;2.43;1;1
320;http://yalobox.com/img/p/3/4/2/342.jpg;Galletas Ducales 294g;;Home;1.97;1.97;3;1
85;http://yalobox.com/img/p/1/0/4/104.jpg;Spray Ambiental Tips Besos de Algod√≥n x2;;Home;3.15;3.15;1;1
264;http://yalobox.com/img/p/2/8/4/284.jpg;Ajo en Pasta ILE Botella 200ml;;Home;0.75;0.75;1;1
27;http://yalobox.com/img/p/4/7/47.jpg;Leche Deslactosada Semidescremada Funda Tetrapack Nutri 1 L;;Lacteos;1.25;1.25;0;0
207;http://yalobox.com/img/p/2/2/8/228.jpg;T√© de An√≠s Pusuqu√≠ Caja 25 sobres;;Home;0.88;0.88;2;1
151;http://yalobox.com/img/p/1/7/2/172.jpg;N√©ctar Durazno Real 200ml;;Home;0.60;0.60;12;1
328;http://yalobox.com/img/p/3/5/1/351.jpg;Caf√© Tostado y Molido Sello Rojo 500g;;Home;5.67;5.67;3;1
93;http://yalobox.com/img/p/1/1/2/112.jpg;Antitranspirante AXE Adrenaline 152ml;;Home;4.74;4.74;1;1
272;http://yalobox.com/img/p/2/9/4/294.jpg;Papel Higi√©nico Familia Megarrollo Pack 12;;Home;9.68;9.68;0;1
35;http://yalobox.com/img/p/5/4/54.jpg;Queso Fresco Nutri 500 Gramos;;Alimentaci√≥n;3.30;3.30;1;1
216;http://yalobox.com/img/p/2/3/6/236.jpg;Fideo Tornillo Don Vittorio 250g;;Home;0.83;0.83;1;1
159;http://yalobox.com/img/p/1/8/0/180.jpg;Mermelada Frutimora Snob Sachet 240g;;Home;1.27;1.27;3;1
336;http://yalobox.com/img/p/3/5/9/359.jpg;Microminas Rotring HB 0,5;;Home;1.48;1.48;5;1
101;http://yalobox.com/img/p/1/2/1/121.jpg;Jab√≥n Mix Dove Pack x 5;;Home;4.39;4.39;2;1
280;http://yalobox.com/img/p/3/0/2/302.jpg;Servilletas Familia Econ√≥mica 225 u;;Home;0.89;0.89;1;1
44;http://yalobox.com/img/p/1/3/3/133.jpg;Funda Azucar 5 Kg;;Home;5.15;5.15;1;1
104;http://yalobox.com/img/p/1/2/4/124.jpg;Jab√≥n L√≠quido Lux Suavidad de P√©talos 250ml;;Home;3.18;3.18;3;1
283;http://yalobox.com/img/p/3/0/5/305.jpg;Antitranspirante AXE Excite152ml;;Home;4.74;4.74;1;1
47;http://yalobox.com/img/p/6/4/64.jpg;Jugo Del Valle Fresh 550ml;;Home;0.44;0.44;10;1
227;http://yalobox.com/img/p/2/4/7/247.jpg;Caramelos American Toffee Licor;;Home;2.85;2.85;2;1
170;http://yalobox.com/img/p/1/9/1/191.jpg;Detergente en Polvo Deja Aloe Vera 1kg;;Home;2.89;2.89;3;1
347;http://yalobox.com/img/p/3/7/0/370.jpg;Marcador de Pizarra BIC Marking Rojo;;Home;0.70;0.70;12;1
113;http://yalobox.com/img/p/1/3/5/135.jpg;Papel Higi√©nico Familia Megarrollo x 4;;Home;3.97;3.97;4;1
291;http://yalobox.com/img/p/3/1/3/313.jpg;Shampoo Dove Reconstrucci√≥n Completa 400ml;;Home;6.16;6.16;1;1
55;http://yalobox.com/img/p/7/3/73.jpg;Leche Saborizada de Fresa Nutri 200ml;;Home;0.48;0.48;0;1
235;http://yalobox.com/img/p/2/5/5/255.jpg;Chocotin Liga de la Justicia;;Home;0.88;0.88;12;1
178;http://yalobox.com/img/p/1/9/9/199.jpg;BC Moisture Kick Acondicionador Spray 200ml;;Home;28.95;28.95;2;1
121;http://yalobox.com/img/p/1/4/2/142.jpg;Gel Antibacterial Familia 265 ml;;Home;4.24;4.24;2;1
299;http://yalobox.com/img/p/3/2/1/321.jpg;Detergente L√≠quido Cicl√≥n Practipack 210ml;;Home;0.70;0.70;3;1
64;http://yalobox.com/img/p/8/2/82.jpg;Cereales Crokitos 20g;;Home;0.27;0.27;15;1
243;http://yalobox.com/img/p/2/6/3/263.jpg;Manitoba Man√≠ Salado 20g;;Home;0.44;0.44;11;1
186;http://yalobox.com/img/p/2/0/7/207.jpg;BC Repair Rescue Puntas Sanas Crema 75ml;;Home;28.07;28.07;2;1
129;http://yalobox.com/img/p/1/4/8/148.jpg;Toallas Tena Mujer Medium 10 u;;Home;4.54;4.54;3;1
307;http://yalobox.com/img/p/3/2/9/329.jpg;Jab√≥n Lava Todo 6 Naranja Mandarina Pack 2 Unidades;;Home;1.06;1.06;1;1
72;http://yalobox.com/img/p/9/1/91.jpg;At√∫n Real Lomitos en Aceite de Girasol 180g;;Home;1.55;1.55;9;1
251;http://yalobox.com/img/p/2/7/1/271.jpg;Cerveza Artesanal Latitud Cero Sierra Negra 330ml;;Home;1.97;1.97;4;1
194;http://yalobox.com/img/p/2/1/5/215.jpg;Maicena Iris 200g;;Home;0.83;0.83;2;1
138;http://yalobox.com/img/p/1/5/9/159.jpg;Desodorante Dove Stick Extra Fresh Men;;Home;4.83;4.83;1;1
315;http://yalobox.com/img/p/3/3/7/337.jpg;Materiales de Construcci√≥n;;Home;0.00;0.00;1;0
80;http://yalobox.com/img/p/9/9/99.jpg;Servilletas Familia Normal 200 u;;Home;1.84;1.84;0;1
259;http://yalobox.com/img/p/2/7/9/279.jpg;T√© de Cedr√≥n ILE Caja 25 sobres;;Home;1.01;1.01;1;1
22;http://yalobox.com/img/p/3/9/39.jpg;Bebida Nectar Premium Durazno Nutri 1 L;;Bebidas;1.66;1.66;3;1
202;http://yalobox.com/img/p/2/2/3/223.jpg;N√©ctar de Durazno Sunny 237ml;;Home;0.61;0.61;7;1
146;http://yalobox.com/img/p/1/6/6/166.jpg;Jab√≥n Rexona Aloe;;Home;2.55;2.55;2;1
323;http://yalobox.com/img/p/3/4/6/346.jpg;Colcaf√© Max 200g;;Home;6.65;6.65;1;1
88;http://yalobox.com/img/p/1/0/7/107.jpg;Desodorante AXE Excite 150ml;;Home;4.74;4.74;1;1
267;http://yalobox.com/img/p/2/8/7/287.jpg;Vinagre Blanco ILE Botella 100ml;;Home;0.33;0.33;2;1
30;http://yalobox.com/img/p/4/9/49.jpg;Leche Nutri Semisdescremada Funda 1 L;;Home;0.90;0.90;24;1
211;http://yalobox.com/img/p/2/3/1/231.jpg;T√© de Manzanilla con Miel Hornimans Caja 25 sobres;;Home;1.47;1.47;2;1
154;http://yalobox.com/img/p/1/7/5/175.jpg;N√©ctar Pera Real 200ml;;Home;0.60;0.60;12;1
331;http://yalobox.com/img/p/3/5/4/354.jpg;Aditivo Para Morteros Sika Top77 4kg;;Ferreter√≠a;28.44;28.44;2;1
96;http://yalobox.com/img/p/1/1/6/116.jpg;Detergente L√≠quido Deja 1,9 Lt;;Home;6.69;6.69;1;1
275;http://yalobox.com/img/p/2/9/6/296.jpg;Papel Higi√©nico Familia Extragrande Pack 12;;Home;8.11;8.11;3;1
38;http://yalobox.com/img/p/5/9/59.jpg;212 VIP ROS√â;;Perfumes y Fragancias;78.95;78.95;0;1
219;http://yalobox.com/img/p/2/3/9/239.jpg;Fideo Canuto Chico Don Vittorio 250g;;Home;0.83;0.83;1;1
162;http://yalobox.com/img/p/1/8/3/183.jpg;Fideo Codito Rayado Real 400g;;Home;1.43;1.43;1;1
339;http://yalobox.com/img/p/3/6/2/362.jpg;Archivador de Cart√≥n;;Home;1.04;1.04;25;1
165;http://yalobox.com/img/p/1/8/6/186.jpg;Mermelada Guayaba Snob Sachet 240g;;Home;1.27;1.27;3;1
342;http://yalobox.com/img/p/3/6/5/365.jpg;Ambiental Tips Manzana Canela;;Home;1.11;1.11;3;1
107;http://yalobox.com/img/p/1/2/7/127.jpg;Desodorante Stick Rexona V8 50g;;Home;3.99;3.99;1;1
286;http://yalobox.com/img/p/3/0/8/308.jpg;Detergente en Polvo Surf Jazm√≠n de la Media Noche y Orquideas 1kg;;Home;2.68;2.68;1;1
50;http://yalobox.com/img/p/6/8/68.jpg;Mayonesa Los Andes 330g;;Home;2.28;2.28;1;1
230;http://yalobox.com/img/p/2/5/0/250.jpg;Chocolates American Corazones Rellenos;;Home;4.24;4.24;1;1
173;http://yalobox.com/img/p/1/9/4/194.jpg;Shampo Sedal Keratina con Antioxidante 350ml;;Home;4.47;4.47;2;1
350;http://yalobox.com/img/p/3/7/4/374.jpg;Whisky John Morris 750ml;;Home;9.40;9.40;5;1
116;http://yalobox.com/img/p/1/3/8/138.jpg;Servilletas Familia Normal 100 u;;Home;2.11;2.11;3;1
294;http://yalobox.com/img/p/3/1/6/316.jpg;Aceite La Favorita 2lt;;Home;4.39;4.39;2;1
58;http://yalobox.com/img/p/6/7/67.jpg;Yogurt Nutri Fresa 1000g;;Home;2.25;2.25;1;1
238;http://yalobox.com/img/p/2/5/8/258.jpg;Papas Pringles Queso Peque√±a;;Home;1.32;1.32;0;1
181;http://yalobox.com/img/p/2/0/1/201.jpg;BC Oil Miracle Shampoo 200ml;;Home;0.00;0.00;2;1
124;http://yalobox.com/img/p/1/4/4/144.jpg;Pa√±itos Antibacteriales Fres Kids Familia Lata;;Home;3.48;3.48;4;1
302;http://yalobox.com/img/p/3/2/4/324.jpg;Suavizante Perla Soft Serenidad 1000ml;;Home;3.12;3.12;1;1
67;http://yalobox.com/img/p/8/6/86.jpg;Jarabe de Frutilla Snob 680g;;Home;3.84;3.84;2;1
246;http://yalobox.com/img/p/2/6/6/266.jpg;Espumante Grand Vandush 750ml;;Home;5.44;5.44;0;1
189;http://yalobox.com/img/p/2/1/0/210.jpg;Osis Flatliner Serum Alisador Para Plancha 200ml;;Home;23.68;23.68;1;1
132;http://yalobox.com/img/p/1/5/0/150.jpg;Jab√≥n √çntimo Frescura Extrema Nosotras Sachet 18 ml;;Home;0.57;0.57;6;1
310;http://yalobox.com/img/p/3/3/2/332.jpg;Desinfectante Olimpia Eucalipto 70ml;;Home;0.22;0.22;2;1
75;http://yalobox.com/img/p/9/4/94.jpg;Toallas Nosotras Invisible Rapisec 10 u;;Home;1.61;1.61;24;1
254;http://yalobox.com/img/p/2/7/4/274.jpg;Sabora ILE Sobre 50g;;Home;0.38;0.38;12;1
197;http://yalobox.com/img/p/2/1/8/218.jpg;Caf√© Buen D√≠a 170g;;Home;8.08;8.08;1;1
141;http://yalobox.com/img/p/1/6/4/164.jpg;Desodorante Spray Rexona Quantum Men;;Home;4.74;4.74;1;1
318;http://yalobox.com/img/p/3/4/0/340.jpg;Bombones de Chocolate Montblanc Estuche 7 Unidades;;Home;4.82;4.82;1;1
83;http://yalobox.com/img/p/1/0/2/102.jpg;Papel Higi√©nico Familia Extragrande 4 Rollos;;Home;3.50;3.50;2;1
262;http://yalobox.com/img/p/2/8/2/282.jpg;T√© de Toronjil ILE Caja 25 sobres;;Home;1.01;1.01;1;1
25;http://yalobox.com/img/p/4/2/42.jpg;Crema de Leche Nutri 500 ml;;Alimentaci√≥n;1.85;1.85;2;1
205;http://yalobox.com/img/p/2/2/6/226.jpg;T√© de Menta Pusuqu√≠ Caja 25 sobres;;Home;0.88;0.88;3;1
149;http://yalobox.com/img/p/1/7/0/170.jpg;Durazno Snob En Mitades;;Home;3.51;3.51;4;1
326;http://yalobox.com/img/p/3/4/9/349.jpg;Colcaf√© Capuccino Mocca Lata 270g;;Home;6.76;6.76;1;1
91;http://yalobox.com/img/p/1/1/0/110.jpg;Desodorante AXE Fusion 150ml;;Home;4.74;4.74;3;1
270;http://yalobox.com/img/p/2/9/2/292.jpg;Pilas Energizer Alkalina AAA2;;Home;1.97;1.97;6;1
33;http://yalobox.com/img/p/5/2/52.jpg;Yogurt Nutri Durazno 200 g con cereal;;Home;0.65;0.65;4;1
214;http://yalobox.com/img/p/2/3/4/234.jpg;Pasta Dental Blendax Full Menta 93g;;Home;0.88;0.88;2;1
157;http://yalobox.com/img/p/1/7/8/178.jpg;Mermelada Frutilla Snob Frasco 290g;;Home;1.69;1.69;1;1
334;http://yalobox.com/img/p/3/5/7/357.jpg;Clip Mariposa Alex Caja 50 Unidades;;Home;1.13;1.13;6;1
99;http://yalobox.com/img/p/1/1/9/119.jpg;Detergente en Polvo Deja Brisas de Primavera 1,1kg;;Home;2.89;2.89;3;1
278;http://yalobox.com/img/p/3/0/0/300.jpg;Rasuradora BIC Comfort 3;;Home;1.32;1.32;12;1
42;http://yalobox.com/img/p/1/3/2/132.jpg;Arroba de arroz;;Home;14.50;14.50;0;1
222;http://yalobox.com/img/p/2/4/2/242.jpg;At√∫n Van Camps Aceite de Girasol 184g;;Home;1.54;1.54;4;1
45;http://yalobox.com/img/p/6/2/62.jpg;Queso Crema Toni Light 250g;;Home;2.50;2.50;0;1
225;http://yalobox.com/img/p/2/4/5/245.jpg;Caramelos American Toffee Cafe Leche;;Home;2.85;2.85;2;1
168;http://yalobox.com/img/p/1/8/9/189.jpg;At√∫n Real con Salsa Sabor a Mayonesa 142g;;Home;1.23;1.23;2;1
345;http://yalobox.com/img/p/3/6/8/368.jpg;Esfero BIC Cristal Negro;;Home;0.32;0.32;24;1
110;http://yalobox.com/img/p/1/3/0/130.jpg;Coca Cola Sabor Original 2,75lt;;Home;2.19;2.19;1;0
289;http://yalobox.com/img/p/3/1/1/311.jpg;Detergente en Polvo Surf Hortensias y Flores Blancas 1kg;;Home;2.68;2.68;1;1
53;http://yalobox.com/img/p/7/1/71.jpg;Tallar√≠n/Linguini Don Vittorio 400g;;Home;1.75;1.75;5;1
233;http://yalobox.com/img/p/2/5/3/253.jpg;Chupetes Plop Sandia √Åcida;;Home;2.37;2.37;1;1
176;http://yalobox.com/img/p/1/9/7/197.jpg;BC Color Freeze Crema Control Completo 150ml;;Home;21.05;21.05;2;1
119;http://yalobox.com/img/p/1/4/0/140.jpg;Servilletas Familia Mediana 300 u;;Home;1.69;1.69;4;1
297;http://yalobox.com/img/p/3/1/9/319.jpg;Aceite Girasol 2 Lt;;Home;5.66;5.66;2;1
62;http://yalobox.com/img/p/7/9/79.jpg;Chicle Orbit Sin Az√∫car Arandano;;Home;0.79;0.79;11;1
241;http://yalobox.com/img/p/2/6/1/261.jpg;Canguil Para Microondas Act II Mantequilla;;Home;1.32;1.32;2;1
184;http://yalobox.com/img/p/2/0/5/205.jpg;BC Q10 Time Restore Tratamiento Crema 250ml;;Home;30.70;30.70;1;1
127;http://yalobox.com/img/p/1/5/7/157.jpg;Desodorante Spray Dove Clear Tone Women;;Home;6.09;6.09;2;1
305;http://yalobox.com/img/p/3/2/7/327.jpg;Jab√≥n Lava Todo 6 Arcoiris Floral Pack 2 Unidades;;Home;1.06;1.06;0;1
70;http://yalobox.com/img/p/8/9/89.jpg;Menestra de Lentejas Snob 425g;;Home;1.25;1.25;2;1
249;http://yalobox.com/img/p/2/6/9/269.jpg;Cerveza Artesanal Latitud Cero Concordia 330ml;;Home;1.97;1.97;4;1
192;http://yalobox.com/img/p/2/1/3/213.jpg;Leche Nutri Descremada Carton 1L;;Home;1.27;1.27;24;1
135;http://yalobox.com/img/p/1/5/3/153.jpg;Eliminador de Olores Ba√±o Toque Familia Pacific;;Home;4.07;4.07;1;1
313;http://yalobox.com/img/p/3/3/5/335.jpg;Chocolyne Splenda Funda 120g;;Home;3.05;3.05;1;1
78;http://yalobox.com/img/p/9/7/97.jpg;Desmaquilladores Tippy's 100x;;Home;2.45;2.45;1;1
257;http://yalobox.com/img/p/2/7/7/277.jpg;Horchata ILE Caja 25 Sobres;;Home;1.01;1.01;1;1
20;http://yalobox.com/img/p/3/7/37.jpg;Avena con Frutas Nutri 200 ml;;Bebidas;0.43;0.43;4;1
200;http://yalobox.com/img/p/2/2/1/221.jpg;Shampoo de Manzanilla Para Mi Bebe 500ml;;Home;4.39;4.39;0;1
144;http://yalobox.com/img/p/1/6/5/165.jpg;Desodorante Roll-On Rexona V8 Men;;Home;2.43;2.43;1;1
321;http://yalobox.com/img/p/3/4/4/344.jpg;Colcaf√© Instant√°neo Cl√°sico 170g;;Home;6.42;6.42;1;1
86;http://yalobox.com/img/p/1/0/5/105.jpg;Pa√±uelo de Bolsillo Cuidado Gripal Familia 4 u;;Home;2.30;2.30;2;1
265;http://yalobox.com/img/p/2/8/5/285.jpg;Ali√±o ILE Botella 200ml;;Home;0.66;0.66;2;1
28;http://yalobox.com/img/p/4/6/46.jpg;Leche Deslactosada Tetrapack Nutri 1 L;;Lacteos;1.65;1.65;12;1
208;http://yalobox.com/img/p/2/2/9/229.jpg;T√© de Hierba Luisa Pusuqu√≠ Caja 25 sobres;;Home;0.88;0.88;5;1
152;http://yalobox.com/img/p/1/7/3/173.jpg;N√©ctar Mango Real 200ml;;Home;0.82;0.82;12;1
329;http://yalobox.com/img/p/3/5/2/352.jpg;Jab√≥n Defense Manzanilla Pack 3 Unidades;;Home;1.92;1.92;2;1
94;http://yalobox.com/img/p/1/1/3/113.jpg;Margarina Light Bonella 500g;;Home;2.11;2.11;2;1
273;http://yalobox.com/img/p/2/9/5/295.jpg;Tequila Jimador Azteca Blanco 750ml;;Home;14.24;14.24;1;1
36;http://yalobox.com/img/p/5/5/55.jpg;24k BRILLANT GOLD MICHAEL KORS;;Home;78.95;78.95;1;1
217;http://yalobox.com/img/p/2/3/7/237.jpg;Fideo Corbata Chica Don Vittorio 250g;;Home;0.83;0.83;2;1
160;http://yalobox.com/img/p/1/8/1/181.jpg;Fideo Spaguetti Real 400g;;Home;1.43;1.43;2;1
337;http://yalobox.com/img/p/3/6/0/360.jpg;Caja Archivadora Pendaflex;;Home;2.46;2.46;10;1
102;http://yalobox.com/img/p/1/2/2/122.jpg;Shampoo Dove Oleo Nutrici√≥n 200ml;;Home;3.38;3.38;2;1
281;http://yalobox.com/img/p/3/0/3/303.jpg;Frejol Negro Snob 425g;;Home;1.25;1.25;2;1
105;http://yalobox.com/img/p/1/2/5/125.jpg;Jab√≥n Lux Suavidad de P√©talos Pack 3 x 100g;;Home;2.55;2.55;1;1
284;http://yalobox.com/img/p/3/0/6/306.jpg;Antitranspirante AXE Gold Temptation 152ml;;Home;4.74;4.74;1;1
48;http://yalobox.com/img/p/6/5/65.jpg;Jugo Del Valle Fresh 250ml;;Home;0.31;0.31;2;1
228;http://yalobox.com/img/p/2/4/8/248.jpg;Bombones American Relleno Crema Choc.-Manjar/Leche;;Home;4.24;4.24;0;1
171;http://yalobox.com/img/p/1/9/2/192.jpg;Detergente en Polvo Deja Aloe Vera 360g;;Home;0.88;0.88;3;1
348;http://yalobox.com/img/p/3/7/1/371.jpg;Lavavajillas Tips Lim√≥n 250g;;Home;0.74;0.74;2;1
114;http://yalobox.com/img/p/1/3/6/136.jpg;Panuelos Faciales Familia Caja Peque√±a x 50;;Home;2.13;2.13;2;1
292;http://yalobox.com/img/p/3/1/4/314.jpg;Shampoo Dove Oleo Nutrici√≥n 400ml;;Home;6.16;6.16;1;1
56;http://yalobox.com/img/p/7/4/74.jpg;Yogurt Nutri Mora 1000g;;Home;2.25;2.25;2;1
236;http://yalobox.com/img/p/2/5/6/256.jpg;Pastillas Jazz Compact;;Home;0.44;0.44;12;1
179;http://yalobox.com/img/p/2/0/0/200.jpg;BC Moisture Kick Shampoo 250ml;;Home;21.93;21.93;2;1
122;http://yalobox.com/img/p/1/4/3/143.jpg;Gel Antibacterial Familia 40 ml;;Home;1.62;1.62;3;1
300;http://yalobox.com/img/p/3/2/2/322.jpg;Suavizante Perla Soft Armon√≠a 1000ml;;Home;3.12;3.12;1;1
65;http://yalobox.com/img/p/8/4/84.jpg;Avena Quaker 500g;;Home;0.84;0.84;2;1
244;http://yalobox.com/img/p/2/6/4/264.jpg;Vino Guayasam√≠n Sauvignon Blanc 750ml;;Home;8.77;8.77;0;1
187;http://yalobox.com/img/p/2/0/8/208.jpg;BC Repair Rescue Shampoo 250ml;;Home;21.93;21.93;0;1
130;http://yalobox.com/img/p/1/5/6/156.jpg;Desodorante Dove Extra Fresh men+care;;Home;6.09;6.09;1;1
308;http://yalobox.com/img/p/3/3/0/330.jpg;Jab√≥n Lava Todo 6 Toque de Suavizante Pack 2 Unidades;;Home;1.06;1.06;24;1
73;http://yalobox.com/img/p/9/2/92.jpg;Nectar de Naranja Real 1lt;;Home;1.68;1.68;0;1
252;http://yalobox.com/img/p/2/7/2/272.jpg;Cerveza Sol 330ml;;Home;1.75;1.75;6;1
195;http://yalobox.com/img/p/2/1/6/216.jpg;Caf√© Buen D√≠a 50g;;Home;3.01;3.01;0;1
139;http://yalobox.com/img/p/1/6/1/161.jpg;Desodorante Spray Rexona Antibacterial Women;;Home;4.74;4.74;1;1
316;http://yalobox.com/img/p/3/3/8/338.jpg;Chocolisto Tarro 300g;;Home;3.25;3.25;2;1
81;http://yalobox.com/img/p/1/0/0/100.jpg;Servilletas Familia Normal 350 u;;Home;2.81;2.81;2;1
260;http://yalobox.com/img/p/2/8/0/280.jpg;T√© de Hierba Luisa ILE Caja 25 sobres;;Home;1.01;1.01;1;1
23;http://yalobox.com/img/p/4/0/40.jpg;Bebida Nectar Premium Naranja Nutri 1 L;;Bebidas;1.66;1.66;5;1
203;http://yalobox.com/img/p/2/2/4/224.jpg;N√©ctar de Mora Sunny 237ml;;Home;0.61;0.61;7;1
147;http://yalobox.com/img/p/1/6/8/168.jpg;Shampoo Sedal Ceramidas 200ml;;Home;2.66;2.66;1;1
324;http://yalobox.com/img/p/3/4/7/347.jpg;Colcaf√© Instant√°neo Descafeinado 170g;;Home;9.60;9.60;1;1
89;http://yalobox.com/img/p/1/0/8/108.jpg;Desodorante AXE Gold Temptation 150ml;;Home;4.74;4.74;2;1
268;http://yalobox.com/img/p/2/9/0/290.jpg;Margarina Light Bonella 250g;;Home;1.10;1.10;1;1
31;http://yalobox.com/img/p/5/0/50.jpg;Leche Semidescremada Tetrapack Nutri 900 ml;;Lacteos;1.00;1.00;5;1
212;http://yalobox.com/img/p/2/3/2/232.jpg;Mayonesa Alacena Sachet 220 cm¬≥;;Home;1.31;1.31;1;1
155;http://yalobox.com/img/p/1/7/6/176.jpg;At√∫n Isabel en Aceite Girasol Tripack;;Home;2.30;2.30;0;1
332;http://yalobox.com/img/p/3/5/5/355.jpg;Clavo de Acero 50mm Caja;;Ferreter√≠a;4.23;4.23;1;1
97;http://yalobox.com/img/p/1/1/7/117.jpg;Detergente en Polvo Deja Brisas de Primavera 360g;;Home;0.88;0.88;6;1
276;http://yalobox.com/img/p/2/9/7/297.jpg;Papel Higi√©nico Familia Grande Pack 12;;Home;6.23;6.23;2;1
39;http://yalobox.com/img/p/6/0/60.jpg;Fahrenheit Dior;;Home;78.95;78.95;1;1
220;http://yalobox.com/img/p/2/4/0/240.jpg;Fideo Sopa de Letras Don Vittorio 250g;;Home;0.83;0.83;1;1
163;http://yalobox.com/img/p/1/8/5/185.jpg;Fideo Tallar√≠n Real 400g;;Home;1.43;1.43;1;1
340;http://yalobox.com/img/p/3/6/3/363.jpg;Archivador Acorde√≥n 13 Div;;Home;7.76;7.76;1;1
166;http://yalobox.com/img/p/1/8/7/187.jpg;Mermelada Pi√±a Snob Sachet 240g;;Home;1.27;1.27;2;1
343;http://yalobox.com/img/p/3/6/6/366.jpg;Ambiental Tips Cereza;;Home;1.11;1.11;3;1
108;http://yalobox.com/img/p/1/2/8/128.jpg;Desodorante Stick Rexona Sportfan 50g;;Home;3.99;3.99;1;1
287;http://yalobox.com/img/p/3/0/9/309.jpg;Detergente en Polvo Surf Lim√≥n 1kg;;Home;2.68;2.68;0;1
51;http://yalobox.com/img/p/6/9/69.jpg;Salsa de Tomate Los Andes 395g;;Home;2.01;2.01;2;1
231;http://yalobox.com/img/p/2/5/1/251.jpg;Chupetes Plop Fresa √Åcida;;Home;2.37;2.37;1;1
174;http://yalobox.com/img/p/1/9/5/195.jpg;Saloon In For Men Pack Anticaspa;;Home;0.00;0.00;2;0
117;http://yalobox.com/img/p/1/3/9/139.jpg;Servilletas Familia Mediana 100 u;;Home;0.58;0.58;3;1
295;http://yalobox.com/img/p/3/1/7/317.jpg;Aceite con Achiote La Favorita 1/2 Lt;;Home;1.75;1.75;2;1
59;http://yalobox.com/img/p/7/6/76.jpg;Tips Tanque Brisa Mar Triple;;Home;6.23;6.23;2;0
239;http://yalobox.com/img/p/2/5/9/259.jpg;Manitoba Man√≠ Japon√©s;;Home;0.66;0.66;0;1
182;http://yalobox.com/img/p/2/0/3/203.jpg;BC Q10 Time Restore Acondicionador 200ml;;Home;21.93;21.93;1;1
125;http://yalobox.com/img/p/1/4/5/145.jpg;Pa√±itos Antibacteriales Fres Kids Familia Minilata;;Home;2.66;2.66;1;1
303;http://yalobox.com/img/p/3/2/5/325.jpg;Detergente L√≠quido Perla Soft Bebe Practipack 210ml;;Home;0.70;0.70;3;1
68;http://yalobox.com/img/p/8/7/87.jpg;Maiz Dulce Snob 425g;;Home;1.25;1.25;3;1
247;http://yalobox.com/img/p/2/6/7/267.jpg;Cerveza Artesanal Latitud Cero Apachita 330ml;;Home;1.97;1.97;4;1
190;http://yalobox.com/img/p/2/1/1/211.jpg;Strait Theray Crema 500ml;;Home;43.86;43.86;1;1
133;http://yalobox.com/img/p/1/5/1/151.jpg;Protectores Diarios Nosotras 5 u;;Home;0.46;0.46;6;1
311;http://yalobox.com/img/p/3/3/3/333.jpg;Desinfectante Olimpia Campi√±a Floral 70ml;;Home;0.22;0.22;2;1
76;http://yalobox.com/img/p/9/5/95.jpg;Protectores Diarios Nosotras 15 u;;Home;1.63;1.63;6;1
255;http://yalobox.com/img/p/2/7/5/275.jpg;Comino ILE Sobre 50g;;Home;0.51;0.51;12;1
198;http://yalobox.com/img/p/2/1/9/219.jpg;Papel Higi√©nico H√∫medo Pompi Fresh Kids 50 Unidades;;Home;3.95;3.95;3;1
142;http://yalobox.com/img/p/1/6/3/163.jpg;Desodorante Spray Rexona V8 Men;;Home;4.74;4.74;1;1
319;http://yalobox.com/img/p/3/4/1/341.jpg;Bombones de Chocolate Montblanc Estuche 12 Unidades;;Home;7.82;7.82;1;1
84;http://yalobox.com/img/p/1/0/3/103.jpg;Papel Higi√©nico Familia Grande 4 Rollos;;Home;2.51;2.51;3;1
263;http://yalobox.com/img/p/2/8/3/283.jpg;Chimichurri ILE Botella 200ml;;Home;0.70;0.70;2;1
26;http://yalobox.com/img/p/4/3/43.jpg;Leche Entera Funda Nutri 1 L;;Lacteos;0.85;0.85;24;1
206;http://yalobox.com/img/p/2/2/7/227.jpg;T√© de Toronjil Pusuqu√≠ Caja 25 sobres;;Home;0.88;0.88;3;1
150;http://yalobox.com/img/p/1/7/1/171.jpg;Tinapa Real En Salsa De Tomate;;Home;0.82;0.82;5;1
327;http://yalobox.com/img/p/3/5/0/350.jpg;Colcaf√© Capuccino French Vainilla Lata 270g;;Home;6.76;6.76;1;1
92;http://yalobox.com/img/p/1/1/1/111.jpg;Desodorante AXE Musk 150ml;;Home;4.74;4.74;4;1
271;http://yalobox.com/img/p/2/9/3/293.jpg;Pilas Energizer Alkalina D2;;Home;3.77;3.77;2;1
34;http://yalobox.com/img/p/5/3/53.jpg;Yogurt Nutri Mora 200 g con cereal;;Alimentaci√≥n;0.65;0.65;0;1
215;http://yalobox.com/img/p/2/3/5/235.jpg;Fideo Spaguetti Don Vittorio 400g;;Home;1.54;1.54;4;1
158;http://yalobox.com/img/p/1/7/9/179.jpg;Mermelada Pi√±a Snob Frasco 290g;;Home;1.69;1.69;0;1
335;http://yalobox.com/img/p/3/5/8/358.jpg;Notas Adhesivas Memo Tip;;Home;2.71;2.71;5;1
100;http://yalobox.com/img/p/1/2/0/120.jpg;Antitranspirante Stick Dove Clear Tone 50g;;Home;4.83;4.83;3;1
279;http://yalobox.com/img/p/3/0/1/301.jpg;Encendedor BIC Maxi;;Home;1.25;1.25;13;1
223;http://yalobox.com/img/p/2/4/3/243.jpg;At√∫n Van Camps en Agua 184g;;Home;1.48;1.48;5;1
46;http://yalobox.com/img/p/6/3/63.jpg;Galletas Amor Chocolate Nestle 175g;;Home;1.14;1.14;0;1
226;http://yalobox.com/img/p/2/4/6/246.jpg;Caramelos American Toffee Frutos Secos;;Home;2.85;2.85;2;1
169;http://yalobox.com/img/p/1/9/0/190.jpg;Jab√≥n en Barra Deja Floral 350g;;Home;0.81;0.81;3;1
346;http://yalobox.com/img/p/3/6/9/369.jpg;Esfero BIC Cristal Azul;;Home;0.32;0.32;28;1
112;http://yalobox.com/img/p/1/3/4/134.jpg;Papel Higi√©nico Familia Ultrasuave x4;;Home;4.73;4.73;2;1
290;http://yalobox.com/img/p/3/1/2/312.jpg;Detergente L√≠quido Deja Baby 1,9 Lt;;Home;6.69;6.69;1;1
54;http://yalobox.com/img/p/7/2/72.jpg;Leche Saborizada de Chocolate Nutri 200ml;;Home;0.48;0.48;0;1
234;http://yalobox.com/img/p/2/5/4/254.jpg;Pastillas Jazz La Voz Compact;;Home;0.44;0.44;12;1
177;http://yalobox.com/img/p/1/9/8/198.jpg;BC Color Freeze Shampoo Sin Sal 250ml;;Home;21.93;21.93;2;1
120;http://yalobox.com/img/p/1/4/1/141.jpg;Toallas Familia Multicortes Rollo 90 cortes;;Home;1.18;1.18;3;1
298;http://yalobox.com/img/p/3/2/0/320.jpg;Detergente L√≠quido Cicl√≥n 3000ml;;Home;8.93;8.93;1;1
63;http://yalobox.com/img/p/8/1/81.jpg;Chicle Orbit Sin Az√∫car Menta;;Home;0.79;0.79;8;1
242;http://yalobox.com/img/p/2/6/2/262.jpg;Canguil Para Microondas Act II Mantequilla Extra 91g;;Home;1.32;1.32;3;1
185;http://yalobox.com/img/p/2/0/6/206.jpg;BC Repair Rescue Acondicionador Spray 200ml;;Home;28.95;28.95;1;1
128;http://yalobox.com/img/p/1/4/7/147.jpg;Gel Antibacterial Fres kids Sand√≠a Explosiva Familia 60 ml;;Home;1.88;1.88;1;1
306;http://yalobox.com/img/p/3/2/8/328.jpg;Jab√≥n Lava Todo 6 Lim√≥n Pack 2 Unidades;;Home;1.06;1.06;1;1
71;http://yalobox.com/img/p/9/0/90.jpg;At√∫n Isabel en Aceite de Girasol 175g;;Home;1.45;1.45;5;1
250;http://yalobox.com/img/p/2/7/0/270.jpg;Cerveza Artesanal Latitud Cero Catequilla 330ml;;Home;1.97;1.97;4;1
193;http://yalobox.com/img/p/2/1/4/214.jpg;Aceite de Oliva Rafael Salgado 250ml;;Home;3.07;3.07;1;1
136;http://yalobox.com/img/p/1/5/8/158.jpg;Desodorante Dove Stick Clean Comfort Men;;Home;4.83;4.83;1;1
314;http://yalobox.com/img/p/3/3/6/336.jpg;Canasta Navide√±a;;Alimentaci√≥n;129.77;129.77;61;1
79;http://yalobox.com/img/p/9/8/98.jpg;Desmaquilladores Tippy's 50x;;Home;2.02;2.02;2;1
258;http://yalobox.com/img/p/2/7/8/278.jpg;T√© Manzanilla ILE Caja 25 sobres;;Home;1.01;1.01;1;1
21;http://yalobox.com/img/p/3/8/38.jpg;Avena con Fruta Nutri 1 L;;Bebidas;1.31;1.31;1;1
201;http://yalobox.com/img/p/2/2/2/222.jpg;Rinse Para Mi Bebe 250ml;;Home;2.81;2.81;2;1
145;http://yalobox.com/img/p/1/6/7/167.jpg;Jab√≥n Rexona Aqua Fresh;;Home;2.55;2.55;2;1
322;http://yalobox.com/img/p/3/4/5/345.jpg;Colcaf√© Capuccino Cl√°sico Lata 270g;;Home;6.76;6.76;1;1
87;http://yalobox.com/img/p/1/0/6/106.jpg;At√∫n Real Lomitos en Aceite de Girasol Pack x 3;;Home;2.67;2.67;2;1
266;http://yalobox.com/img/p/2/8/6/286.jpg;Aceite con Achiote Sazonado ILE Botella 420ml;;Home;1.49;1.49;2;1
29;http://yalobox.com/img/p/4/8/48.jpg;Leche Entera Nutri Tetrapack Cart√≥n 1L;;Lacteos;1.35;1.35;8;1
210;http://yalobox.com/img/p/2/3/0/230.jpg;T√© de Cedr√≥n Pusuqu√≠ Caja 25 sobres;;Home;0.88;0.88;2;1
153;http://yalobox.com/img/p/1/7/4/174.jpg;N√©ctar Naranja Real 200ml;;Home;0.60;0.60;12;1
330;http://yalobox.com/img/p/3/5/3/353.jpg;Cemento Holcim Fuerte Tipo GU Saco;;Ferreter√≠a;7.25;7.25;20;1
95;http://yalobox.com/img/p/1/1/4/114.jpg;Margarina Vital Bonella 250g;;Home;1.10;1.10;6;1
274;http://yalobox.com/img/p/2/9/8/298.jpg;Tequila Jimador Azteca Oro 750ml;;Home;14.24;14.24;2;1
37;http://yalobox.com/img/p/5/8/58.jpg;SEXY AMBER MICHAEL KORS;;Cuidado Personal;78.95;78.95;1;1
218;http://yalobox.com/img/p/2/3/8/238.jpg;Fideo Canuto Rayado Don Vittorio 250g;;Home;0.83;0.83;1;1
161;http://yalobox.com/img/p/1/8/2/182.jpg;Fideo Macarr√≥n Real 400g;;Home;1.43;1.43;0;1
338;http://yalobox.com/img/p/3/6/1/361.jpg;Archivador Oficio Negro √önico;;Home;2.15;2.15;40;1
103;http://yalobox.com/img/p/1/2/3/123.jpg;Shampoo Dove Reconstrucci√≥n Completa 200ml;;Home;3.38;3.38;2;1
282;http://yalobox.com/img/p/3/0/4/304.jpg;Antitranspirante AXE Urban 152ml;;Home;4.74;4.74;1;1
